INSERT INTO users VALUES (1, 'user', 'user','1');
INSERT INTO users VALUES (2, 'admin', 'admin','2');
INSERT INTO users VALUES (3, 'su', 'su','3');

INSERT INTO userlist VALUES (1,'Layla', 'Roberts');
INSERT INTO userlist VALUES (2,'Layla', 'Roberts');
INSERT INTO userlist VALUES (3,'Layla', 'Roberts');
INSERT INTO userlist VALUES (4,'Layla', 'Roberts');
INSERT INTO userlist VALUES (5,'Layla', 'Roberts');
INSERT INTO userlist VALUES (6,'Layla', 'Roberts');
INSERT INTO userlist VALUES (7,'Layla', 'Roberts');
INSERT INTO userlist VALUES (8,'Layla', 'Roberts');
INSERT INTO userlist VALUES (9,'Layla', 'Roberts');
INSERT INTO userlist VALUES (10,'Layla', 'Roberts');
INSERT INTO userlist VALUES (11,'Layla', 'Roberts');
INSERT INTO userlist VALUES (12,'Layla', 'Roberts');
INSERT INTO userlist VALUES (13,'Layla', 'Roberts');
INSERT INTO userlist VALUES (14,'Layla', 'Roberts');
INSERT INTO userlist VALUES (15,'Layla', 'Roberts');
INSERT INTO userlist VALUES (16,'Layla', 'Roberts');
INSERT INTO userlist VALUES (17,'Layla', 'Roberts');
INSERT INTO userlist VALUES (18,'Layla', 'Roberts');
INSERT INTO userlist VALUES (19,'Layla', 'Roberts');
INSERT INTO userlist VALUES (20,'Layla', 'Roberts');
INSERT INTO userlist VALUES (21,'Layla', 'Roberts');
INSERT INTO userlist VALUES (22,'Layla', 'Roberts');
INSERT INTO userlist VALUES (23,'Layla', 'Roberts');
INSERT INTO userlist VALUES (24,'Layla', 'Roberts');
INSERT INTO userlist VALUES (25,'Layla', 'Roberts');

INSERT INTO notes (id, name, checkmark, listsid) VALUES (1, 'potato', 1, 1);
INSERT INTO notes (id, name, checkmark, listsid) VALUES (2, 'milk', 0, 1);
INSERT INTO notes (id, name, checkmark, listsid) VALUES (4, 'pagination', 0, 2);
INSERT INTO notes (id, name, checkmark, listsid) VALUES (5, 'fix database access bug', 1, 2);
INSERT INTO notes (id, name, checkmark, listsid) VALUES (6, 'update SDK version', 0, 2);
INSERT INTO notes (id, name, checkmark, listsid) VALUES (7, 'be fun', 0, 3);
INSERT INTO notes (id, name, checkmark, listsid) VALUES (8, 'play a tenis', 0, 3);
INSERT INTO notes (id, name, checkmark, listsid) VALUES (9, 'sleep a lot', 1, 3);
INSERT INTO notes (id, name, checkmark, listsid) VALUES (10, 'beer', 0, 1);
INSERT INTO notes (id, name, checkmark, listsid) VALUES (11, 'beer', 0, 1);
INSERT INTO notes (id, name, checkmark, listsid) VALUES (14, 'buy books', 0, 4);
INSERT INTO notes (id, name, checkmark, listsid) VALUES (15, 'do homework', 0, 4);
INSERT INTO notes (id, name, checkmark, listsid) VALUES (17, 'play hearthstone', 0, 6);
INSERT INTO notes (id, name, checkmark, listsid) VALUES (18, 'to walk with my friends a cinema', 0, 6);

INSERT INTO list (id, name, userlists) VALUES (1, 'shoplist', 1);
INSERT INTO list (id, name, userlists) VALUES (2, 'project', 1);
INSERT INTO list (id, name, userlists) VALUES (3, 'vacation plan', 1);
INSERT INTO list (id, name, userlists) VALUES (4, 'school tasks', 2);
INSERT INTO list (id, name, userlists) VALUES (6, 'hobby', 2);


